<?xml version="1.0" encoding="utf-8"?>
<WebWorksHelpBook version="5.0" name="coppaPO" context="coppaPO" locale="en" xmlns="urn:WebWorks-Help-Book-Files-Schema">
  <CommonWordsToSkip minlen="3">
    a about after all also am an and another any are as at
    be because been before being between both but by
    came can come copyright corp corporation could
    did do does
    each etc
    for from
    get goes got
    had has have he her here him himself his how
    if in inc into is it its
    let like
    make many me might more most much must my
    never nor not now
    of off on one only or other our out over own
    reserved rights
    said same see set shall she should since so some still such
    take than that the their them then there these they this those though through to too
    under us use
    very
    was way we well were what when where which while who why will with would
    yes yet you your
   </CommonWordsToSkip>
  <ScoringPrefs>
    <meta name="keywords" weight="100" />
    <meta name="description" weight="50" />
    <meta name="summary" weight="50" />
    <title weight="20" />
    <h1 weight="15" />
    <h2 weight="10" />
    <caption weight="10" />
    <h3 weight="7" />
    <th weight="5" />
    <h4 weight="5" />
    <h5 weight="4" />
    <h6 weight="3" />
    <h7 weight="2" />
  </ScoringPrefs>
  <DocumentInfo>
    <Document title="Welcome to the NCI Shared Person/Organization Curation Portal Online Help" href="Welcome.1.1.html" />
    <Document title="Using the Online Help" href="Welcome.1.2.html" />
    <Document title="Using Navigation Tools" href="Welcome.1.3.html" />
    <Document title="Getting Started With NCI Shared Person/Organization Curation Portal" href="GetStarted.2.1.html" />
    <Document title="Overview" href="GetStarted.2.2.html" />
    <Document title="Logging In To the NCI Shared Person/Organization Curation Portal" href="GetStarted.2.3.html" />
    <Document title="Navigating the P/O Curation Portal" href="GetStarted.2.4.html" />
    <Document title="Navigating the NCI Shared Person/Organization Curation Portal Side Bar" href="GetStarted.2.5.html" />
    <Document title="Navigating Records in Tables" href="GetStarted.2.6.html" />
    <Document title="About the Inbox" href="GetStarted.2.7.html" />
    <Document title="Logging Out Of the NCI Shared Person/Organization Curation Portal" href="GetStarted.2.8.html" />
    <Document title="Managing Organizations" href="manageOrgs.3.1.html" />
    <Document title="Searching For Organization Records" href="manageOrgs.3.2.html" />
    <Document title="Searching For Duplicate Records" href="manageOrgs.3.3.html" />
    <Document title="Creating New Organization Records" href="manageOrgs.3.4.html" />
    <Document title="Curating Organization Records" href="manageOrgs.3.5.html" />
    <Document title="Modifying Organizaton Details" href="manageOrgs.3.6.html" />
    <Document title="Changing the Curation Status" href="manageOrgs.3.7.html" />
    <Document title="Assigning Roles" href="manageOrgs.3.8.html" />
    <Document title="Managing Research Organizations" href="manageOrgs.3.9.html" />
    <Document title="Managing Identified Organizations" href="manageOrgs.3.10.html" />
    <Document title="Managing Oversight Commitees" href="manageOrgs.3.11.html" />
    <Document title="Managing Health Care Facilities" href="manageOrgs.3.12.html" />
    <Document title="Managing Organization Roles" href="manageOrgs.3.13.html" />
    <Document title="Curating Change Requests" href="manageOrgs.3.14.html" />
    <Document title="Unlinking Organizations; not implemented for Jan." href="manageOrgs.3.15.html" />
    <Document title="Deleting Organizations (nullifying)" href="manageOrgs.3.16.html" />
    <Document title="Importing CTEP Organization Records" href="manageOrgs.3.17.html" />
    <Document title="Managing Persons" href="managePerson.4.1.html" />
    <Document title="Searching For Persons" href="managePerson.4.2.html" />
    <Document title="Creating New Persons" href="managePerson.4.3.html" />
    <Document title="Curating Persons" href="managePerson.4.4.html" />
    <Document title="Searching For Duplicate Records" href="managePerson.4.5.html" />
    <Document title="Managing Roles" href="managePerson.4.6.html" />
    <Document title="Managing Clinical Research Staff" href="managePerson.4.7.html" />
    <Document title="Managing Health Care Providers" href="managePerson.4.8.html" />
    <Document title="Maganing Organizational Contacts" href="managePerson.4.9.html" />
    <Document title="Managing Identified Entities" href="managePerson.4.10.html" />
    <Document title="Deleting Persons (nullifying)" href="managePerson.4.11.html" />
    <Document title="Metadata Definitions" href="metadata.5.1.html" />
    <Document title="Glossary" href="Glossary.6.1.html" />
    <Document title="Application Support" href="appSupport.7.1.html" />
  </DocumentInfo>
  <TopicMap>
    <Topic name="Welcome" href="Welcome.1.1.html#1099392" />
  </TopicMap>
</WebWorksHelpBook>