<?xml version="1.0" encoding="utf-8"?>
<WebWorksHelpBook version="5.0" name="coppaPO" context="coppaPO" locale="en" xmlns="urn:WebWorks-Help-Book-Files-Schema">
  <CommonWordsToSkip minlen="3">
    a about after all also am an and another any are as at
    be because been before being between both but by
    came can come copyright corp corporation could
    did do does
    each etc
    for from
    get goes got
    had has have he her here him himself his how
    if in inc into is it its
    let like
    make many me might more most much must my
    never nor not now
    of off on one only or other our out over own
    reserved rights
    said same see set shall she should since so some still such
    take than that the their them then there these they this those though through to too
    under us use
    very
    was way we well were what when where which while who why will with would
    yes yet you your
   </CommonWordsToSkip>
  <ScoringPrefs>
    <meta name="keywords" weight="100" />
    <meta name="description" weight="50" />
    <meta name="summary" weight="50" />
    <title weight="20" />
    <h1 weight="15" />
    <h2 weight="10" />
    <caption weight="10" />
    <h3 weight="7" />
    <th weight="5" />
    <h4 weight="5" />
    <h5 weight="4" />
    <h6 weight="3" />
    <h7 weight="2" />
  </ScoringPrefs>
  <DocumentInfo>
    <Document title="NCI Shared Person/Organization Curation Portal Online Help" href="Welcome.1.1.html" />
    <Document title="Using the Online Help" href="Welcome.1.2.html" />
    <Document title="Getting Started With the NCI Shared Person/Organization Curation Portal" href="GetStarted.2.1.html" />
    <Document title="Overview" href="GetStarted.2.2.html" />
    <Document title="Logging In to the P/O Curation Portal" href="GetStarted.2.3.html" />
    <Document title="Navigating Records in Tables" href="GetStarted.2.4.html" />
    <Document title="About the Inbox" href="GetStarted.2.5.html" />
    <Document title="Logging Out of the P/O Curation Portal" href="GetStarted.2.6.html" />
    <Document title="Managing Organizations" href="manageOrgs.3.1.html" />
    <Document title="Searching For Organization Records" href="manageOrgs.3.2.html" />
    <Document title="Searching For Duplicate Records" href="manageOrgs.3.3.html" />
    <Document title="Creating New Organization Records" href="manageOrgs.3.4.html" />
    <Document title="Curating Organization Records" href="manageOrgs.3.5.html" />
    <Document title="Modifying Organization Details" href="manageOrgs.3.6.html" />
    <Document title="Changing the Curation Status" href="manageOrgs.3.7.html" />
    <Document title="Assigning Roles to Organizations" href="manageOrgs.3.8.html" />
    <Document title="Managing Research Organizations" href="manageOrgs.3.9.html" />
    <Document title="Managing Identified Organizations" href="manageOrgs.3.10.html" />
    <Document title="Managing Oversight Committees" href="manageOrgs.3.11.html" />
    <Document title="Managing Health Care Facilities" href="manageOrgs.3.12.html" />
    <Document title="Managing Organizational Contacts" href="manageOrgs.3.13.html" />
    <Document title="Deleting Organization Records" href="manageOrgs.3.14.html" />
    <Document title="Curating Change Requests" href="manageOrgs.3.15.html" />
    <Document title="Managing Persons" href="managePerson.4.1.html" />
    <Document title="Searching For Person Records" href="managePerson.4.2.html" />
    <Document title="Searching For Duplicate Records" href="managePerson.4.3.html" />
    <Document title="Creating New Person Records" href="managePerson.4.4.html" />
    <Document title="Curating Person Records" href="managePerson.4.5.html" />
    <Document title="Modifying Person Details" href="managePerson.4.6.html" />
    <Document title="Changing the Curation Status" href="managePerson.4.7.html" />
    <Document title="Assigning Roles to Persons" href="managePerson.4.8.html" />
    <Document title="Managing Clinical Research Staff" href="managePerson.4.9.html" />
    <Document title="Managing Health Care Providers" href="managePerson.4.10.html" />
    <Document title="Managing Organizational Contacts" href="managePerson.4.11.html" />
    <Document title="Managing Other Person Identifier(s)" href="managePerson.4.12.html" />
    <Document title="Deleting Persons Records" href="managePerson.4.13.html" />
    <Document title="Application Support" href="appSupport.5.1.html" />
  </DocumentInfo>
  <TopicMap>
    <Topic name="Welcome" href="Welcome.1.1.html#1078027" />
  </TopicMap>
</WebWorksHelpBook>