<?xml version="1.0" encoding="utf-8"?>
<WebWorksHelpIX version="5.0" xmlns="urn:WebWorks-Help-Index-Schema">
  <g t="A" o="002">
    <i t="active record, defined">
      <j l="14#1078580" />
    </i>
    <i t="address information, entering">
      <j l="53" />
    </i>
  </g>
  <g t="B" o="002">
    <i t="browsers, supported">
      <j l="3#1088043" />
    </i>
    <i t="BUSN scope code, defined">
      <j l="17#1122474" />
      <j l="37#1106603" />
    </i>
  </g>
  <g t="C" o="002">
    <i t="calendar pop-up, selecting dates from">
      <j l="54" />
    </i>
    <i t="change requests, curating">
      <j l="23#1089913" />
      <j l="39#1108775" />
    </i>
    <i t="clinical research staff, managing">
      <j l="34#1088123" />
    </i>
    <i t="contact types for organizations">
      <j l="20#1124406" />
    </i>
    <i t="CTEP records">
      <i t="imported, statuses of">
        <j l="24#1127842" />
        <j l="40#1110565" />
      </i>
      <i t="importing">
        <j l="24" />
        <j l="40#1110565" />
      </i>
    </i>
    <i t="curation statuses">
      <i t="changing">
        <j l="14#1078578" />
        <j l="14#1078586" />
        <j l="32" />
      </i>
      <i t="defined">
        <j l="14" />
      </i>
      <i t="overview of">
        <j l="14#1078578" />
      </i>
    </i>
  </g>
  <g t="D" o="002">
    <i t="dates">
      <i t="effect of end-dating records">
        <j l="47#1117346" />
      </i>
      <i t="selecting">
        <j l="54" />
      </i>
    </i>
    <i t="deleting organization records">
      <j l="22" />
    </i>
    <i t="duplicate records">
      <i t="and nullification">
        <j l="9#1101438" />
      </i>
      <i t="searching for, organization">
        <j l="9#1101427" />
      </i>
      <i t="searching for, person">
        <j l="27#1078129" />
      </i>
      <i t="selecting">
        <j l="9#1120071" />
      </i>
    </i>
  </g>
  <g t="F" o="002">
    <i t="families">
      <i t="adding organizations to">
        <j l="47" />
      </i>
      <i t="creating">
        <j l="45" />
      </i>
      <i t="deleting">
        <j l="50#1110025" />
      </i>
      <i t="editing records">
        <j l="46" />
      </i>
      <i t="examples of">
        <j l="42#1105623" />
      </i>
      <i t="listing">
        <j l="44" />
      </i>
      <i t="managing">
        <j l="21#1134914" />
      </i>
      <i t="naming convention">
        <j l="42#1106126" />
      </i>
      <i t="removing organizations from">
        <j l="49" />
      </i>
    </i>
    <i t="fax number formats">
      <j l="52" />
    </i>
    <i t="functional relationships">
      <j l="43#1106114" />
      <i t="defined">
        <j l="43#1105851" />
      </i>
    </i>
    <i t="functional role">
      <i t="defined, for organizations">
        <j l="15#1078635" />
      </i>
      <i t="defined, for persons">
        <j l="33#1078589" />
      </i>
    </i>
  </g>
  <g t="H" o="002">
    <i t="health care facility, managing">
      <j l="19#1094697" />
    </i>
    <i t="health care providers, managing">
      <j l="35#1088190" />
    </i>
    <i t="hierarchical relationships">
      <j l="43#1106071" />
      <i t="defined">
        <j l="43#1105933" />
      </i>
    </i>
    <i t="HL7 Identifier Scope code values">
      <j l="17#1122356" />
      <j l="17#1122471" />
      <j l="17#1122471" />
      <j l="37#1106585" />
      <j l="37#1106600" />
    </i>
  </g>
  <g t="I" o="002">
    <i t="identified organizations, managing">
      <j l="17" />
    </i>
    <i t="Inbox">
      <i t="curating records in">
        <j l="12" />
      </i>
      <i t="organization record types displayed in">
        <j l="12" />
      </i>
      <i t="person record types displayed in">
        <j l="30#1104978" />
      </i>
    </i>
    <i t="ISO II identifiers">
      <j l="17#1122083" />
      <j l="37#1106561" />
    </i>
    <i t="ISS reliability code, defined">
      <j l="17#1122359" />
    </i>
  </g>
  <g t="L" o="002">
    <i t="lists, navigating">
      <j l="55" />
    </i>
    <i t="logging in to the portal">
      <j l="5#1078701" />
    </i>
    <i t="logging out">
      <j l="6#1079035" />
    </i>
    <i t="Logout link">
      <j l="6#1079040" />
    </i>
  </g>
  <g t="N" o="002">
    <i t="nullification">
      <i t="of organization records">
        <j l="9#1101438" />
      </i>
      <i t="of person records">
        <j l="38#1079184" />
      </i>
    </i>
    <i t="nullified record, defined">
      <j l="14#1097542" />
    </i>
    <i t="nullifying">
      <i t="organization records">
        <j l="22" />
      </i>
      <i t="person records">
        <j l="38#1079184" />
      </i>
    </i>
  </g>
  <g t="O" o="002">
    <i t="OBJ scope code, defined">
      <j l="17#1122476" />
      <j l="37#1106605" />
    </i>
    <i t="Online help">
      <i t="locating topics of interest">
        <j l="1#1078082" />
      </i>
      <i t="printing">
        <j l="1#1078368" />
      </i>
    </i>
    <i t="Online help, using">
      <j l="1" />
    </i>
    <i t="organization details">
      <i t="curation options">
        <j l="12#1137223" />
      </i>
      <i t="modifying">
        <j l="13#1078499" />
      </i>
    </i>
    <i t="organization records">
      <i t="creating">
        <j l="10#1078256" />
      </i>
      <i t="curating">
        <j l="11#1078311" />
      </i>
      <i t="curating, from Inbox">
        <j l="12" />
      </i>
      <i t="deleting">
        <j l="22" />
        <j l="22#1134860" />
      </i>
      <i t="importing, from CTEP">
        <j l="24" />
      </i>
      <i t="modifying">
        <j l="13#1078499" />
      </i>
      <i t="nullifying">
        <j l="9#1101427" />
        <j l="22" />
        <j l="22#1134860" />
      </i>
      <i t="searching for">
        <j l="8#1137788" />
      </i>
    </i>
    <i t="organizational contacts, managing">
      <j l="20#1129107" />
      <j l="20#1079139" />
      <j l="36#1088254" />
    </i>
    <i t="organizations">
      <i t="adding, to families">
        <j l="47" />
      </i>
      <i t="assigning roles to">
        <j l="15#1078627" />
      </i>
      <i t="identified, managing">
        <j l="17" />
      </i>
      <i t="removing, from families">
        <j l="49" />
      </i>
    </i>
    <i t="other person identifiers, managing">
      <j l="37#1088304" />
    </i>
    <i t="oversight committees">
      <i t="managing">
        <j l="18#1094524" />
      </i>
      <i t="roles">
        <j l="18#1123152" />
      </i>
    </i>
  </g>
  <g t="P" o="002">
    <i t="P/O Curation Portal overview">
      <j l="3#1078657" />
    </i>
    <i t="passwords, resetting">
      <j l="5#1094068" />
    </i>
    <i t="pending record, defined">
      <j l="14#1078585" />
    </i>
    <i t="person records">
      <i t="creating">
        <j l="28#1078217" />
      </i>
      <i t="curating">
        <j l="29" />
      </i>
      <i t="curating, in Inbox">
        <j l="30" />
      </i>
      <i t="deleting">
        <j l="38#1079184" />
      </i>
      <i t="modifying">
        <j l="31" />
      </i>
      <i t="nullifying">
        <j l="38#1079184" />
      </i>
      <i t="searching for">
        <j l="26" />
      </i>
    </i>
    <i t="persons">
      <i t="assigning roles to">
        <j l="33" />
        <j l="34#1078725" />
      </i>
      <i t="managing">
        <j l="34#1088123" />
      </i>
      <i t="managing other identifiers">
        <j l="37#1088304" />
      </i>
    </i>
    <i t="phone number formats">
      <j l="52" />
    </i>
  </g>
  <g t="R" o="002">
    <i t="relationships">
      <i t="editing">
        <j l="46#1110180" />
        <j l="48" />
      </i>
      <i t="functional">
        <j l="43#1106114" />
      </i>
      <i t="functional, changing">
        <j l="48" />
      </i>
      <i t="hierarchical">
        <j l="43#1106071" />
      </i>
      <i t="hierarchical, changing">
        <j l="48" />
      </i>
    </i>
    <i t="reliability code">
      <j l="17#1122106" />
      <j l="37#1106583" />
      <i t="TSS,  defined">
        <j l="17#1122359" />
      </i>
      <i t="UNV,  defined">
        <j l="17#1122363" />
        <j l="37#1106592" />
      </i>
      <i t="VRF,  defined">
        <j l="17#1122361" />
        <j l="37#1106590" />
      </i>
    </i>
    <i t="research organizations, managing">
      <j l="16#1093040" />
    </i>
    <i t="roles">
      <i t="assigning to organizations">
        <j l="15#1078627" />
        <j l="18#1123152" />
      </i>
      <i t="assigning to persons">
        <j l="34#1078725" />
      </i>
      <i t="pending, in Inbox">
        <j l="15#1097369" />
      </i>
      <i t="types of">
        <j l="15#1097371" />
      </i>
    </i>
  </g>
  <g t="S" o="002">
    <i t="scope code">
      <i t="BUSN, defined">
        <j l="17#1122474" />
        <j l="37#1106603" />
      </i>
      <i t="OBJ, defined">
        <j l="17#1122476" />
        <j l="37#1106605" />
      </i>
      <i t="VER, defined">
        <j l="17#1122478" />
        <j l="37#1106607" />
      </i>
      <i t="VW, defined">
        <j l="17#1122481" />
        <j l="37#1106610" />
      </i>
    </i>
    <i t="scope codes">
      <j l="17#1122471" />
      <j l="37#1106600" />
    </i>
    <i t="search results list, navigation">
      <j l="55" />
    </i>
    <i t="search tips">
      <j l="8#1129531" />
      <j l="26#1109168" />
    </i>
    <i t="structural roles">
      <i t="defined, for organizations">
        <j l="15#1078633" />
      </i>
      <i t="defined, for persons">
        <j l="33#1088565" />
      </i>
      <i t="types of">
        <j l="33#1078590" />
      </i>
    </i>
    <i t="supported browsers">
      <j l="3#1088043" />
    </i>
    <i t="system time-out period">
      <j l="5#1094068" />
    </i>
  </g>
  <g t="T" o="002">
    <i t="tables, navigating">
      <j l="55" />
    </i>
    <i t="time-out period">
      <j l="5#1094068" />
    </i>
  </g>
  <g t="U" o="002">
    <i t="UNV reliability code, defined">
      <j l="17#1122363" />
      <j l="37#1106592" />
    </i>
    <i t="Using online help">
      <j l="1" />
      <j l="1" />
    </i>
  </g>
  <g t="V" o="002">
    <i t="VER scope code, defined">
      <j l="17#1122478" />
      <j l="37#1106607" />
    </i>
    <i t="VRF reliability code, defined">
      <j l="17#1122361" />
      <j l="37#1106590" />
    </i>
    <i t="VW scope code, defined">
      <j l="17#1122481" />
      <j l="37#1106610" />
    </i>
  </g>
</WebWorksHelpIX>