<?xml version="1.0" encoding="utf-8"?>
<WebWorksHelpIX version="5.0" xmlns="urn:WebWorks-Help-Index-Schema">
  <g t="A" o="002">
    <i t="accepted trial, defined">
      <j l="38#1094673" />
    </i>
    <i t="accrual, defined">
      <j l="38#1094679" />
    </i>
    <i t="allocation, defined">
      <j l="37#1208993" />
    </i>
    <i t="ancillary trial, defined">
      <j l="37#1209609" />
    </i>
    <i t="application support">
      <j l="39#1083689" />
    </i>
    <i t="approved, defined">
      <j l="38#1094691" />
    </i>
    <i t="arm, defined">
      <j l="38#1094685" />
    </i>
  </g>
  <g t="B" o="002">
    <i t="basic science, defined">
      <j l="37#1209635" />
      <j l="38#1094697" />
    </i>
    <i t="bio-availability study, defined">
      <j l="37#1209767" />
    </i>
    <i t="bio-equivalence study, defined">
      <j l="37#1209788" />
    </i>
  </g>
  <g t="C" o="002">
    <i t="caDSR, defined">
      <j l="38#1094709" />
    </i>
    <i t="CBER, defined">
      <j l="38#1094715" />
    </i>
    <i t="CBIIT application support">
      <j l="39#1083689" />
    </i>
    <i t="CBIIT, defined">
      <j l="38#1094721" />
    </i>
    <i t="CCB, defined">
      <j l="38#1094726" />
    </i>
    <i t="CCCT, defined">
      <j l="38#1094731" />
    </i>
    <i t="CCR, defined">
      <j l="38#1094736" />
    </i>
    <i t="CDE, defined">
      <j l="38#1094742" />
    </i>
    <i t="CDER, defined">
      <j l="38#1094747" />
    </i>
    <i t="CDP, defined">
      <j l="38#1094753" />
    </i>
    <i t="CGH, defined">
      <j l="38#1094759" />
    </i>
    <i t="CIP, defined">
      <j l="38#1094765" />
    </i>
    <i t="compressed file, defined">
      <j l="38#1094797" />
    </i>
    <i t="correlative trial, defined">
      <j l="37#1209619" />
    </i>
    <i t="cross-over intervention model, defined">
      <j l="37#1209234" />
    </i>
    <i t="CTAC, defined">
      <j l="38#1094771" />
    </i>
    <i t="CTEP, defined">
      <j l="38#1094776" />
    </i>
    <i t="CTRO, defined">
      <j l="38#1094782" />
    </i>
    <i t="CTRP, defined">
      <j l="38#1094787" />
    </i>
    <i t="CTWG, defined">
      <j l="38#1094792" />
    </i>
  </g>
  <g t="D" o="002">
    <i t="data monitoring committee">
      <j l="38#1094845" />
    </i>
    <i t="DCB, defined">
      <j l="38#1094803" />
    </i>
    <i t="DCCPS, defined">
      <j l="38#1094809" />
    </i>
    <i t="DCEG, defined">
      <j l="38#1094815" />
    </i>
    <i t="DCP, defined">
      <j l="38#1094821" />
    </i>
    <i t="DCTD, defined">
      <j l="38#1094827" />
    </i>
    <i t="DEA, defined">
      <j l="38#1094833" />
    </i>
    <i t="delayed posting, defined">
      <j l="38#1094851" />
    </i>
    <i t="diagnostic trial, defined">
      <j l="37#1209625" />
    </i>
    <i t="disapproved, defined">
      <j l="38#1094857" />
    </i>
    <i t="double blind masking, defined">
      <j l="37#1209301" />
    </i>
    <i t="DTP, defined">
      <j l="38#1094839" />
    </i>
  </g>
  <g t="E" o="002">
    <i t="early detection trial, defined">
      <j l="37#1209615" />
    </i>
    <i t="EBI, defined">
      <j l="38#1094863" />
    </i>
    <i t="efficacy study, defined">
      <j l="37#1209772" />
    </i>
    <i t="eligibility criteria, defined">
      <j l="38#1094891" />
    </i>
    <i t="epidemiologic trial, defined">
      <j l="37#1209585" />
    </i>
    <i t="EVS, defined">
      <j l="38#1094869" />
    </i>
    <i t="externally peer-reviewed funding, defined">
      <j l="37#1209819" />
    </i>
  </g>
  <g t="F" o="002">
    <i t="factorial intervention model, defined">
      <j l="37#1209238" />
    </i>
    <i t="FDA, defined">
      <j l="38#1094875" />
    </i>
    <i t="FDAAA, defined">
      <j l="38#1094880" />
    </i>
  </g>
  <g t="H" o="002">
    <i t="health services research trial, defined">
      <j l="37#1209629" />
    </i>
  </g>
  <g t="I" o="002">
    <i t="IDE, defined">
      <j l="38#1094885" />
    </i>
    <i t="In Review, defined">
      <j l="38#1094909" />
    </i>
    <i t="inclusion/exclusion criteria, defined">
      <j l="38#1094891" />
    </i>
    <i t="IND, defined">
      <j l="38#1094897" />
    </i>
    <i t="industrial funding category, defined">
      <j l="37#1209823" />
    </i>
    <i t="Initial Abstraction Verified Date, defined">
      <j l="37#1209385" />
    </i>
    <i t="institute code, defined">
      <j l="37#1209104" />
    </i>
    <i t="institutional funding category, defined">
      <j l="37#1209813" />
    </i>
    <i t="intervention model, defined">
      <j l="37#1209214" />
    </i>
    <i t="IRB, defined">
      <j l="38#1094903" />
    </i>
  </g>
  <g t="L" o="002">
    <i t="lead organization, defined">
      <j l="37#1209099" />
      <j l="38#1094915" />
    </i>
    <i t="logging out">
      <j l="8#1092699" />
    </i>
    <i t="Logout link">
      <j l="8#1093245" />
    </i>
  </g>
  <g t="M" o="002">
    <i t="masking, defined">
      <j l="37#1209289" />
    </i>
    <i t="MedDRA, defined">
      <j l="38#1094921" />
    </i>
  </g>
  <g t="N" o="002">
    <i t="N/A, defined">
      <j l="38#1094926" />
    </i>
    <i t="national funding category, defined">
      <j l="37#1209810" />
    </i>
    <i t="NCI, defined">
      <j l="38#1094932" />
    </i>
    <i t="NCICB">
      <i t="defined">
        <j l="38#1094937" />
      </i>
    </i>
    <i t="NCICB application support">
      <j l="39#1083689" />
    </i>
    <i t="NCT">
      <i t="defined">
        <j l="38#1094942" />
      </i>
    </i>
    <i t="NCTID, defined">
      <j l="38#1094947" />
    </i>
    <i t="non-randomized trial allocation method, defined">
      <j l="37#1209009" />
    </i>
  </g>
  <g t="O" o="002">
    <i t="observational trial, defined">
      <j l="37#1209589" />
    </i>
    <i t="OCE, defined">
      <j l="38#1094952" />
    </i>
    <i t="OD, defined">
      <j l="38#1094957" />
    </i>
    <i t="On-going Abstraction Verified Date, defined">
      <j l="37#1209393" />
    </i>
    <i t="Online help">
      <i t="locating topics of interest">
        <j l="1#1105356" />
      </i>
      <i t="printing">
        <j l="1#1105387" />
      </i>
      <i t="using navigation tools">
        <j l="2" />
      </i>
    </i>
    <i t="Online help, using">
      <j l="1" />
    </i>
    <i t="open masking, defined">
      <j l="37#1209298" />
    </i>
    <i t="OSB/SPOREs, defined">
      <j l="38#1094963" />
    </i>
    <i t="outcome trial, defined">
      <j l="37#1209599" />
    </i>
  </g>
  <g t="P" o="002">
    <i t="P01, defined">
      <j l="38#1094969" />
    </i>
    <i t="parallel intervention model, defined">
      <j l="37#1209228" />
    </i>
    <i t="PDQ Abstraction Completed Date, defined">
      <j l="37#1209361" />
    </i>
    <i t="PDQ, defined">
      <j l="38#1094975" />
    </i>
    <i t="pharmacodynamics study, defined">
      <j l="37#1209783" />
    </i>
    <i t="pharmacokinetics study, defined">
      <j l="37#1209775" />
    </i>
    <i t="pharmacokinetics/dynamics study, defined">
      <j l="37#1209791" />
    </i>
    <i t="phase, defined">
      <j l="37#1209865" />
    </i>
    <i t="PI, defined">
      <j l="38#1094981" />
    </i>
    <i t="PIO, defined">
      <j l="38#1094986" />
    </i>
    <i t="prevention trial, defined">
      <j l="37#1209605" />
    </i>
    <i t="primary purpose">
      <i t="ancillary, defined">
        <j l="37#1209609" />
      </i>
      <i t="basic science">
        <j l="37#1209635" />
      </i>
      <i t="defined">
        <j l="37#1209568" />
      </i>
      <i t="epidemiologic, defined">
        <j l="37#1209585" />
      </i>
      <i t="health services research, defined">
        <j l="37#1209629" />
      </i>
      <i t="observational, defined">
        <j l="37#1209589" />
      </i>
      <i t="outcome, defined">
        <j l="37#1209599" />
      </i>
      <i t="prevention, defined">
        <j l="37#1209605" />
      </i>
      <i t="screening, defined">
        <j l="37#1209639" />
      </i>
      <i t="supportive care, defined">
        <j l="37#1209645" />
      </i>
      <i t="treatment, defined">
        <j l="37#1209595" />
      </i>
    </i>
    <i t="principal investigator">
      <j l="37#1209650" />
      <i t="defined">
        <j l="38#1094991" />
      </i>
    </i>
    <i t="processing status">
      <i t="defined">
        <j l="37#1209670" />
      </i>
    </i>
    <i t="processing statuses">
      <j l="37#1209670" />
    </i>
    <i t="purpose, defined">
      <j l="37#1209568" />
    </i>
  </g>
  <g t="Q" o="002">
    <i t="QC Completed Date, defined">
      <j l="37#1209341" />
    </i>
    <i t="QC Start Date, defined">
      <j l="37#1209341" />
    </i>
    <i t="QC, defined">
      <j l="38#1094997" />
    </i>
  </g>
  <g t="R" o="002">
    <i t="R01, defined">
      <j l="38#1095010" />
    </i>
    <i t="randomized controlled trial allocation method, defined">
      <j l="37#1209004" />
    </i>
    <i t="Ready for PDQ Abstraction Date, defined">
      <j l="37#1209348" />
    </i>
    <i t="Ready for QC Date, defined">
      <j l="37#1209331" />
    </i>
    <i t="rejected trial, defined">
      <j l="38#1095004" />
    </i>
    <i t="RRP, defined">
      <j l="38#1095016" />
    </i>
  </g>
  <g t="S" o="002">
    <i t="safety study, defined">
      <j l="37#1209764" />
    </i>
    <i t="safety/efficacy study, defined">
      <j l="37#1209780" />
    </i>
    <i t="screening trial, defined">
      <j l="37#1209639" />
    </i>
    <i t="section 801 trial, defined">
      <j l="38#1095022" />
    </i>
    <i t="single blind masking, defined">
      <j l="37#1209306" />
    </i>
    <i t="single group intervention model, defined">
      <j l="37#1209224" />
    </i>
    <i t="sponsor, defined">
      <j l="38#1095034" />
    </i>
    <i t="SPORE, defined">
      <j l="38#1095029" />
    </i>
    <i t="status">
      <i t="see also trial status">
        <j l="37#1209946" />
      </i>
    </i>
    <i t="study classification, defined">
      <j l="37#1209755" />
    </i>
    <i t="Submission Acceptance Date, defined">
      <j l="37#1209337" />
    </i>
    <i t="Submission Received Date, defined">
      <j l="37#1209327" />
    </i>
    <i t="Submission Rejection Date, defined">
      <j l="37#1209357" />
    </i>
    <i t="Submitter Trial Summary Report Feedback Date, defined">
      <j l="37#1209377" />
    </i>
    <i t="summary 4 funding category">
      <i t="defined">
        <j l="37#1209794" />
      </i>
      <i t="externally peer-reviewed, defined">
        <j l="37#1209819" />
      </i>
      <i t="industrial defined">
        <j l="37#1209823" />
      </i>
      <i t="institutional, defined">
        <j l="37#1209813" />
      </i>
      <i t="national, defined">
        <j l="37#1209810" />
      </i>
    </i>
    <i t="summary 4 sponsor/source, defined">
      <j l="37#1209826" />
    </i>
    <i t="supportive care trial, defined">
      <j l="37#1209645" />
    </i>
  </g>
  <g t="T" o="002">
    <i t="treatment trial, defined">
      <j l="37#1209595" />
    </i>
    <i t="trial phase, defined">
      <j l="37#1209865" />
    </i>
    <i t="trial status">
      <i t="approved, defined">
        <j l="37#1209946" />
      </i>
      <i t="closed to accrual and invention, defined">
        <j l="37#1209974" />
      </i>
      <i t="closed to accrual, defined">
        <j l="37#1209965" />
      </i>
      <i t="complete, defined">
        <j l="37#1209978" />
      </i>
      <i t="defined">
        <j l="38#1095045" />
      </i>
      <i t="temporarily closed to accrual and invention, defined">
        <j l="37#1209950" />
      </i>
      <i t="temporarily closed to accrual, defined">
        <j l="37#1209959" />
      </i>
    </i>
    <i t="Trial Summary Report Sent Date, defined">
      <j l="37#1209369" />
    </i>
    <i t="trial type">
      <i t="correlative, defined">
        <j l="37#1209619" />
      </i>
      <i t="defined">
        <j l="38#1095051" />
      </i>
      <i t="diagnostic, defined">
        <j l="37#1209625" />
      </i>
      <i t="early detection, defined">
        <j l="37#1209615" />
      </i>
    </i>
    <i t="TRP, defined">
      <j l="38#1095040" />
      <j l="38#1095057" />
    </i>
    <i t="TSR">
      <i t="defined">
        <j l="38#1095063" />
      </i>
    </i>
  </g>
  <g t="U" o="002">
    <i t="URI, defined">
      <j l="38#1095068" />
    </i>
    <i t="URL, defined">
      <j l="38#1095073" />
    </i>
    <i t="Using online help">
      <j l="1" />
      <j l="1" />
    </i>
  </g>
  <g t="V" o="002">
    <i t="validated trial, defined">
      <j l="38#1095078" />
    </i>
  </g>
  <g t="X" o="002">
    <i t="XML, defined">
      <j l="38#1095084" />
    </i>
  </g>
  <g t="Z" o="002">
    <i t="zip, defined">
      <j l="38#1095089" />
    </i>
  </g>
</WebWorksHelpIX>