<?xml version="1.0" encoding="utf-8"?>
<WebWorksHelpIX version="5.0" xmlns="urn:WebWorks-Help-Index-Schema">
  <g t="A" o="002">
    <i t="active record, defined">
      <j l="15#1078580" />
    </i>
  </g>
  <g t="B" o="002">
    <i t="BUSN scope code, defined">
      <j l="18#1093328" />
    </i>
  </g>
  <g t="C" o="002">
    <i t="change requests, curating">
      <j l="23#1089913" />
    </i>
    <i t="clinical research staff, managing">
      <j l="32#1088123" />
    </i>
    <i t="curation status">
      <i t="changing">
        <j l="15#1078578" />
        <j l="30" />
      </i>
      <i t="over of">
        <j l="15#1078578" />
      </i>
    </i>
  </g>
  <g t="D" o="002">
    <i t="duplicate records">
      <i t="and nullification">
        <j l="11#1101438" />
      </i>
      <i t="searching for, organization">
        <j l="11#1101427" />
      </i>
      <i t="searching for, person">
        <j l="26#1078129" />
      </i>
    </i>
  </g>
  <g t="F" o="002">
    <i t="functional role">
      <i t="defined">
        <j l="16#1078635" />
      </i>
    </i>
    <i t="functional role, defined">
      <j l="31#1078589" />
    </i>
  </g>
  <g t="H" o="002">
    <i t="health care facility, managing">
      <j l="20#1094697" />
    </i>
    <i t="health care providers">
      <i t="managing">
        <j l="33#1088190" />
      </i>
    </i>
    <i t="HL7 Identifier Scope code values">
      <j l="18#1093896" />
      <j l="18#1093268" />
    </i>
  </g>
  <g t="I" o="002">
    <i t="identified organizations, managing">
      <j l="18" />
    </i>
    <i t="ISS reliability code, defined">
      <j l="18#1093756" />
    </i>
  </g>
  <g t="L" o="002">
    <i t="logging in to the portal">
      <j l="5#1078701" />
    </i>
    <i t="logging out">
      <j l="8#1079035" />
    </i>
    <i t="Logout link">
      <j l="8#1079040" />
    </i>
  </g>
  <g t="N" o="002">
    <i t="nullification of organization records">
      <j l="11#1101438" />
    </i>
    <i t="nullified record, defined">
      <j l="15#1097542" />
    </i>
  </g>
  <g t="O" o="002">
    <i t="OBJ scope code, defined">
      <j l="18#1093336" />
    </i>
    <i t="Online help">
      <i t="locating topics of interest">
        <j l="1#1078084" />
      </i>
      <i t="printing">
        <j l="1#1078195" />
      </i>
      <i t="using navigation tools">
        <j l="2" />
      </i>
    </i>
    <i t="Online help, using">
      <j l="1" />
    </i>
    <i t="organization details">
      <i t="curation options">
        <j l="13#1078448" />
      </i>
      <i t="modifying">
        <j l="14#1078499" />
      </i>
    </i>
    <i t="organization records">
      <i t="creating">
        <j l="12#1078256" />
      </i>
      <i t="curating">
        <j l="13#1078311" />
      </i>
      <i t="deleting">
        <j l="22#1079190" />
      </i>
      <i t="searching for">
        <j l="10#1078053" />
      </i>
    </i>
    <i t="organizational contacts, managing">
      <j l="21#1079139" />
      <j l="34#1088254" />
    </i>
    <i t="organizations">
      <i t="assigning roles to">
        <j l="16#1078627" />
      </i>
      <i t="identified, managing">
        <j l="18" />
      </i>
    </i>
    <i t="other person identifiers, managing">
      <j l="35#1088304" />
    </i>
    <i t="oversight committees">
      <i t="managing">
        <j l="19#1094524" />
      </i>
      <i t="roles">
        <j l="19#1079012" />
      </i>
    </i>
  </g>
  <g t="P" o="002">
    <i t="P/O Curation Portal overview">
      <j l="4#1078657" />
    </i>
    <i t="pending record, defined">
      <j l="15#1078585" />
    </i>
    <i t="person records">
      <i t="creating">
        <j l="27#1078217" />
      </i>
      <i t="curating">
        <j l="28#1078283" />
      </i>
      <i t="deleting">
        <j l="36#1079184" />
      </i>
      <i t="modifying">
        <j l="29" />
      </i>
      <i t="searching for">
        <j l="25#1078048" />
      </i>
    </i>
    <i t="persons">
      <i t="assigning roles to">
        <j l="31" />
        <j l="32#1078725" />
      </i>
      <i t="managing">
        <j l="32#1088123" />
      </i>
      <i t="managing other identifiers">
        <j l="35#1088304" />
      </i>
    </i>
  </g>
  <g t="R" o="002">
    <i t="reliability code">
      <j l="18#1093896" />
      <i t="TSS,  defined">
        <j l="18#1093756" />
      </i>
      <i t="UNV,  defined">
        <j l="18#1093764" />
      </i>
      <i t="VRF,  defined">
        <j l="18#1093758" />
      </i>
    </i>
    <i t="research organizations, managing">
      <j l="17#1093040" />
    </i>
    <i t="roles">
      <i t="assigning to organizations">
        <j l="16#1078627" />
        <j l="19#1079012" />
      </i>
      <i t="assigning to persons">
        <j l="32#1078725" />
      </i>
      <i t="pending, in Inbox">
        <j l="16#1097369" />
      </i>
    </i>
  </g>
  <g t="S" o="002">
    <i t="scope code">
      <i t="BUSN, defined">
        <j l="18#1093328" />
      </i>
      <i t="OBJ, defined">
        <j l="18#1093336" />
      </i>
      <i t="VER, defined">
        <j l="18#1093338" />
      </i>
      <i t="VW, defined">
        <j l="18#1093350" />
      </i>
    </i>
    <i t="structural roles">
      <i t="defined, for organizations">
        <j l="16#1078633" />
      </i>
      <i t="defined, for persons">
        <j l="31#1088565" />
      </i>
      <i t="types of">
        <j l="31#1078590" />
      </i>
    </i>
  </g>
  <g t="U" o="002">
    <i t="UNV reliability code, defined">
      <j l="18#1093764" />
    </i>
    <i t="Using online help">
      <j l="1" />
      <j l="1" />
    </i>
  </g>
  <g t="V" o="002">
    <i t="VER scope code, defined">
      <j l="18#1093338" />
    </i>
    <i t="VRF reliability code, defined">
      <j l="18#1093758" />
    </i>
    <i t="VWscope code, defined">
      <j l="18#1093350" />
    </i>
  </g>
</WebWorksHelpIX>