<?xml version="1.0" encoding="utf-8"?>
<WebWorksHelpIX version="5.0" xmlns="urn:WebWorks-Help-Index-Schema">
  <g t="A" o="002">
    <i t="accepted trial, defined">
      <j l="65#1075238" />
    </i>
    <i t="accrual, defined">
      <j l="65#1075244" />
    </i>
    <i t="Administrative Processing Completed Date, defined">
      <j l="49#1082152" />
    </i>
    <i t="Administrative Processing Start Date, defined">
      <j l="49#1082138" />
    </i>
    <i t="allocation, defined">
      <j l="39#1077513" />
    </i>
    <i t="ancillary trial, defined">
      <j l="53#1082743" />
    </i>
    <i t="application support">
      <j l="66#1078023" />
    </i>
    <i t="approved, defined">
      <j l="65#1075256" />
    </i>
    <i t="arm, defined">
      <j l="65#1075250" />
    </i>
  </g>
  <g t="B" o="002">
    <i t="basic science, defined">
      <j l="53#1082777" />
      <j l="65#1075262" />
    </i>
    <i t="bio-availability study, defined">
      <j l="58#1083259" />
    </i>
    <i t="bio-equivalence study, defined">
      <j l="58#1083284" />
    </i>
  </g>
  <g t="C" o="002">
    <i t="caDSR, defined">
      <j l="65#1075274" />
    </i>
    <i t="CBER, defined">
      <j l="65#1075280" />
    </i>
    <i t="CBIIT application support">
      <j l="66#1078023" />
    </i>
    <i t="CBIIT, defined">
      <j l="65#1075286" />
    </i>
    <i t="CCB, defined">
      <j l="65#1075291" />
    </i>
    <i t="CCCT, defined">
      <j l="65#1075296" />
    </i>
    <i t="CCR, defined">
      <j l="65#1075301" />
    </i>
    <i t="CDE, defined">
      <j l="65#1075307" />
    </i>
    <i t="CDER, defined">
      <j l="65#1075312" />
    </i>
    <i t="CDP, defined">
      <j l="65#1075318" />
    </i>
    <i t="CGH, defined">
      <j l="65#1075324" />
    </i>
    <i t="CIP, defined">
      <j l="65#1075330" />
    </i>
    <i t="compressed file, defined">
      <j l="65#1075362" />
    </i>
    <i t="correlative trial, defined">
      <j l="53#1082755" />
    </i>
    <i t="cross-over intervention model, defined">
      <j l="45#1080845" />
    </i>
    <i t="CTAC, defined">
      <j l="65#1075336" />
    </i>
    <i t="CTEP, defined">
      <j l="65#1075341" />
    </i>
    <i t="CTRO, defined">
      <j l="65#1075347" />
    </i>
    <i t="CTRP, defined">
      <j l="65#1075352" />
    </i>
    <i t="CTWG, defined">
      <j l="65#1075357" />
    </i>
  </g>
  <g t="D" o="002">
    <i t="data monitoring committee">
      <j l="65#1075410" />
    </i>
    <i t="DCB, defined">
      <j l="65#1075368" />
    </i>
    <i t="DCCPS, defined">
      <j l="65#1075374" />
    </i>
    <i t="DCEG, defined">
      <j l="65#1075380" />
    </i>
    <i t="DCP, defined">
      <j l="65#1075386" />
    </i>
    <i t="DCTD, defined">
      <j l="65#1075392" />
    </i>
    <i t="DEA, defined">
      <j l="65#1075398" />
    </i>
    <i t="delayed posting, defined">
      <j l="65#1075416" />
    </i>
    <i t="diagnostic trial, defined">
      <j l="53#1082765" />
    </i>
    <i t="disapproved, defined">
      <j l="65#1075422" />
    </i>
    <i t="double blind masking, defined">
      <j l="48#1081131" />
    </i>
    <i t="DTP, defined">
      <j l="65#1075404" />
    </i>
  </g>
  <g t="E" o="002">
    <i t="early detection trial, defined">
      <j l="53#1082749" />
    </i>
    <i t="EBI, defined">
      <j l="65#1075428" />
    </i>
    <i t="efficacy study, defined">
      <j l="58#1083264" />
    </i>
    <i t="eligibility criteria, defined">
      <j l="65#1075456" />
    </i>
    <i t="epidemiologic trial, defined">
      <j l="53#1082713" />
    </i>
    <i t="EVS, defined">
      <j l="65#1075434" />
    </i>
    <i t="externally peer-reviewed funding, defined">
      <j l="59#1083386" />
    </i>
  </g>
  <g t="F" o="002">
    <i t="factorial intervention model, defined">
      <j l="45#1080851" />
    </i>
    <i t="FDA, defined">
      <j l="65#1075440" />
    </i>
    <i t="FDAAA, defined">
      <j l="65#1075445" />
    </i>
  </g>
  <g t="H" o="002">
    <i t="health services research trial, defined">
      <j l="53#1082771" />
    </i>
  </g>
  <g t="I" o="002">
    <i t="IDE, defined">
      <j l="65#1075450" />
    </i>
    <i t="In Review, defined">
      <j l="65#1075474" />
    </i>
    <i t="inclusion/exclusion criteria, defined">
      <j l="65#1075456" />
    </i>
    <i t="IND, defined">
      <j l="65#1075462" />
    </i>
    <i t="industrial funding category, defined">
      <j l="59#1083393" />
    </i>
    <i t="Initial Abstraction Verified Date, defined">
      <j l="49#1082168" />
    </i>
    <i t="institute code, defined">
      <j l="44" />
    </i>
    <i t="institutional funding category, defined">
      <j l="59#1083381" />
    </i>
    <i t="intervention model, defined">
      <j l="45#1077601" />
    </i>
    <i t="IRB, defined">
      <j l="65#1075468" />
    </i>
  </g>
  <g t="L" o="002">
    <i t="lead organization, defined">
      <j l="43#1079661" />
      <j l="65#1075480" />
    </i>
    <i t="logging out">
      <j l="8#1079035" />
    </i>
    <i t="Logout link">
      <j l="8#1079040" />
    </i>
  </g>
  <g t="M" o="002">
    <i t="masking, defined">
      <j l="48#1077631" />
    </i>
    <i t="MedDRA, defined">
      <j l="65#1075486" />
    </i>
  </g>
  <g t="N" o="002">
    <i t="N/A, defined">
      <j l="65#1075491" />
    </i>
    <i t="national funding category, defined">
      <j l="59#1083376" />
    </i>
    <i t="NCI, defined">
      <j l="65#1075497" />
    </i>
    <i t="NCICB">
      <i t="defined">
        <j l="65#1075502" />
      </i>
    </i>
    <i t="NCICB application support">
      <j l="66#1078023" />
    </i>
    <i t="NCT">
      <i t="defined">
        <j l="65#1075507" />
      </i>
    </i>
    <i t="NCTID, defined">
      <j l="65#1075512" />
    </i>
    <i t="non-randomized trial allocation method, defined">
      <j l="39#1078078" />
    </i>
  </g>
  <g t="O" o="002">
    <i t="observational trial, defined">
      <j l="53#1082719" />
    </i>
    <i t="OCE, defined">
      <j l="65#1075517" />
    </i>
    <i t="OD, defined">
      <j l="65#1075522" />
    </i>
    <i t="On-going Abstraction Verified Date, defined">
      <j l="49#1082181" />
    </i>
    <i t="Online help">
      <i t="locating topics of interest">
        <j l="1#1078084" />
      </i>
      <i t="printing">
        <j l="1#1078115" />
      </i>
      <i t="using navigation tools">
        <j l="2" />
      </i>
    </i>
    <i t="Online help, using">
      <j l="1" />
    </i>
    <i t="open masking, defined">
      <j l="48#1081126" />
    </i>
    <i t="OSB/SPOREs, defined">
      <j l="65#1075528" />
    </i>
    <i t="outcome trial, defined">
      <j l="53#1082731" />
    </i>
  </g>
  <g t="P" o="002">
    <i t="P01, defined">
      <j l="65#1075534" />
    </i>
    <i t="parallel intervention model, defined">
      <j l="45#1080839" />
    </i>
    <i t="PDQ Abstraction Completed Date, defined">
      <j l="49#1082134" />
    </i>
    <i t="PDQ, defined">
      <j l="65#1075540" />
    </i>
    <i t="pharmacodynamics study, defined">
      <j l="58#1083279" />
    </i>
    <i t="pharmacokinetics study, defined">
      <j l="58#1083269" />
    </i>
    <i t="pharmacokinetics/dynamics study, defined">
      <j l="58#1083289" />
    </i>
    <i t="phase, defined">
      <j l="62" />
    </i>
    <i t="PI, defined">
      <j l="65#1075546" />
    </i>
    <i t="PIO, defined">
      <j l="65#1075551" />
    </i>
    <i t="prevention trial, defined">
      <j l="53#1082737" />
    </i>
    <i t="primary purpose">
      <i t="ancillary, defined">
        <j l="53#1082743" />
      </i>
      <i t="basic science">
        <j l="53#1082777" />
      </i>
      <i t="defined">
        <j l="53" />
      </i>
      <i t="epidemiologic, defined">
        <j l="53#1082713" />
      </i>
      <i t="health services research, defined">
        <j l="53#1082771" />
      </i>
      <i t="observational, defined">
        <j l="53#1082719" />
      </i>
      <i t="outcome, defined">
        <j l="53#1082731" />
      </i>
      <i t="prevention, defined">
        <j l="53#1082737" />
      </i>
      <i t="screening, defined">
        <j l="53#1082783" />
      </i>
      <i t="supportive care, defined">
        <j l="53#1082789" />
      </i>
      <i t="treatment, defined">
        <j l="53#1082725" />
      </i>
    </i>
    <i t="principal investigator">
      <j l="54" />
      <i t="defined">
        <j l="65#1075556" />
      </i>
    </i>
    <i t="processing status">
      <i t="defined">
        <j l="55" />
      </i>
    </i>
    <i t="processing statuses">
      <j l="55" />
    </i>
    <i t="purpose, defined">
      <j l="53" />
    </i>
  </g>
  <g t="Q" o="002">
    <i t="QC Completed Date, defined">
      <j l="49#1082110" />
    </i>
    <i t="QC Start Date, defined">
      <j l="49#1082113" />
    </i>
    <i t="QC, defined">
      <j l="65#1075562" />
    </i>
  </g>
  <g t="R" o="002">
    <i t="R01, defined">
      <j l="65#1075575" />
    </i>
    <i t="randomized controlled trial allocation method, defined">
      <j l="39#1078074" />
    </i>
    <i t="Ready for PDQ Abstraction Date, defined">
      <j l="49#1082117" />
    </i>
    <i t="Ready for QC Date, defined">
      <j l="49#1082098" />
    </i>
    <i t="rejected trial, defined">
      <j l="65#1075569" />
    </i>
    <i t="RRP, defined">
      <j l="65#1075581" />
    </i>
  </g>
  <g t="S" o="002">
    <i t="safety study, defined">
      <j l="58#1083254" />
    </i>
    <i t="safety/efficacy study, defined">
      <j l="58#1083274" />
    </i>
    <i t="Scientific Processing Completed Date, defined">
      <j l="49#1082175" />
    </i>
    <i t="Scientific Processing Start Date, defined">
      <j l="49#1082162" />
    </i>
    <i t="screening trial, defined">
      <j l="53#1082783" />
    </i>
    <i t="section 801 trial, defined">
      <j l="65#1075587" />
    </i>
    <i t="single blind masking, defined">
      <j l="48#1081136" />
    </i>
    <i t="single group intervention model, defined">
      <j l="45#1080833" />
    </i>
    <i t="sponsor, defined">
      <j l="65#1075599" />
    </i>
    <i t="SPORE, defined">
      <j l="65#1075594" />
    </i>
    <i t="status">
      <i t="see also trial status">
        <j l="63#1084545" />
      </i>
    </i>
    <i t="study classification, defined">
      <j l="58#1077840" />
    </i>
    <i t="Submission Acceptance Date, defined">
      <j l="49#1082104" />
    </i>
    <i t="Submission Received Date, defined">
      <j l="49#1077641" />
    </i>
    <i t="Submission Rejection Date, defined">
      <j l="49#1082128" />
    </i>
    <i t="Submitter Trial Summary Report Feedback Date, defined">
      <j l="49#1082158" />
    </i>
    <i t="summary 4 funding category">
      <i t="defined">
        <j l="59" />
      </i>
      <i t="externally peer-reviewed, defined">
        <j l="59#1083386" />
      </i>
      <i t="industrial defined">
        <j l="59#1083393" />
      </i>
      <i t="institutional, defined">
        <j l="59#1083381" />
      </i>
      <i t="national, defined">
        <j l="59#1083376" />
      </i>
    </i>
    <i t="summary 4 sponsor/source, defined">
      <j l="60" />
    </i>
    <i t="supportive care trial, defined">
      <j l="53#1082789" />
    </i>
  </g>
  <g t="T" o="002">
    <i t="treatment trial, defined">
      <j l="53#1082725" />
    </i>
    <i t="trial phase, defined">
      <j l="62" />
    </i>
    <i t="trial status">
      <i t="approved, defined">
        <j l="63#1084545" />
      </i>
      <i t="closed to accrual and invention, defined">
        <j l="63#1084576" />
      </i>
      <i t="closed to accrual, defined">
        <j l="63#1084565" />
      </i>
      <i t="complete, defined">
        <j l="63#1084583" />
      </i>
      <i t="defined">
        <j l="65#1075610" />
      </i>
      <i t="temporarily closed to accrual and invention, defined">
        <j l="63#1084549" />
      </i>
      <i t="temporarily closed to accrual, defined">
        <j l="63#1084560" />
      </i>
    </i>
    <i t="Trial Summary Report Sent Date, defined">
      <j l="49#1082148" />
    </i>
    <i t="trial type">
      <i t="correlative, defined">
        <j l="53#1082755" />
      </i>
      <i t="defined">
        <j l="64" />
        <j l="65#1075616" />
      </i>
      <i t="diagnostic, defined">
        <j l="53#1082765" />
      </i>
      <i t="early detection, defined">
        <j l="53#1082749" />
      </i>
    </i>
    <i t="TRP, defined">
      <j l="65#1075605" />
      <j l="65#1075622" />
    </i>
    <i t="TSR">
      <i t="defined">
        <j l="65#1075628" />
      </i>
    </i>
  </g>
  <g t="U" o="002">
    <i t="URI, defined">
      <j l="65#1075633" />
    </i>
    <i t="URL, defined">
      <j l="65#1075638" />
    </i>
    <i t="Using online help">
      <j l="1" />
      <j l="1" />
    </i>
  </g>
  <g t="V" o="002">
    <i t="validated trial, defined">
      <j l="65#1075643" />
    </i>
  </g>
  <g t="X" o="002">
    <i t="XML, defined">
      <j l="65#1075649" />
    </i>
  </g>
  <g t="Z" o="002">
    <i t="zip, defined">
      <j l="65#1075654" />
    </i>
  </g>
</WebWorksHelpIX>