<?xml version="1.0" encoding="utf-8"?>
<WebWorksHelpIX version="5.0" xmlns="urn:WebWorks-Help-Index-Schema">
  <g t="A" o="002">
    <i t="Application Support">
      <j l="39#1083797" />
    </i>
  </g>
  <g t="D" o="002">
    <i t="data monitoring commitee">
      <j l="38#1092976" />
    </i>
  </g>
  <g t="L" o="002">
    <i t="logging out">
      <j l="8#1092699" />
    </i>
    <i t="Logout link">
      <j l="8#1093245" />
    </i>
  </g>
  <g t="N" o="002">
    <i t="NCICB Application Support">
      <j l="39#1083797" />
    </i>
  </g>
  <g t="O" o="002">
    <i t="Online help">
      <i t="locating topics of interest">
        <j l="1#1105356" />
      </i>
      <i t="printing">
        <j l="1#1105387" />
      </i>
      <i t="using navigation tools">
        <j l="2" />
      </i>
    </i>
    <i t="Online help, using">
      <j l="1" />
    </i>
  </g>
  <g t="P" o="002">
    <i t="Principal Investigator">
      <j l="37#1135751" />
    </i>
  </g>
  <g t="S" o="002">
    <i t="Section 801 trials">
      <j l="37#1135810" />
    </i>
  </g>
  <g t="U" o="002">
    <i t="Using online help">
      <j l="1" />
      <j l="1" />
    </i>
  </g>
</WebWorksHelpIX>