<?xml version="1.0" encoding="utf-8"?>
<WebWorksHelpIX version="5.0" xmlns="urn:WebWorks-Help-Index-Schema">
  <g t="A" o="002">
    <i t="accepted trial, defined">
      <j l="38#1093020" />
    </i>
    <i t="accrual, defined">
      <j l="38#1093026" />
    </i>
    <i t="allocation, defined">
      <j l="37#1151817" />
    </i>
    <i t="ancillary trial, defined">
      <j l="37#1152166" />
    </i>
    <i t="application support">
      <j l="39#1083689" />
    </i>
    <i t="arm, defined">
      <j l="38#1093664" />
    </i>
  </g>
  <g t="B" o="002">
    <i t="basic science, defined">
      <j l="37#1152186" />
      <j l="38#1093046" />
    </i>
    <i t="bio-availability study, defined">
      <j l="37#1152281" />
    </i>
    <i t="bio-equivalence study, defined">
      <j l="37#1152296" />
    </i>
  </g>
  <g t="C" o="002">
    <i t="caDSR, defined">
      <j l="38#1093056" />
    </i>
    <i t="CBER, defined">
      <j l="38#1093564" />
    </i>
    <i t="CBIIT application support">
      <j l="39#1083689" />
    </i>
    <i t="CBIIT, defined">
      <j l="38#1093061" />
    </i>
    <i t="CCB, defined">
      <j l="38#1093065" />
    </i>
    <i t="CCCT, defined">
      <j l="38#1093069" />
    </i>
    <i t="CCR, defined">
      <j l="38#1093073" />
    </i>
    <i t="CDE, defined">
      <j l="38#1093078" />
    </i>
    <i t="CDER, defined">
      <j l="38#1093560" />
    </i>
    <i t="CDP, defined">
      <j l="38#1093082" />
    </i>
    <i t="CGH, defined">
      <j l="38#1093087" />
    </i>
    <i t="CIP, defined">
      <j l="38#1093092" />
    </i>
    <i t="correlative trial, defined">
      <j l="37#1152174" />
    </i>
    <i t="cross-over intervention model, defined">
      <j l="37#1151974" />
    </i>
    <i t="CTAC, defined">
      <j l="38#1093097" />
    </i>
    <i t="CTEP, defined">
      <j l="38#1093101" />
    </i>
    <i t="CTRO, defined">
      <j l="38#1093106" />
    </i>
    <i t="CTRP, defined">
      <j l="38#1093110" />
    </i>
    <i t="CTWG, defined">
      <j l="38#1093114" />
    </i>
  </g>
  <g t="D" o="002">
    <i t="data monitoring commitee">
      <j l="38#1093537" />
    </i>
    <i t="DCB, defined">
      <j l="38#1093137" />
    </i>
    <i t="DCCPS, defined">
      <j l="38#1093142" />
    </i>
    <i t="DCEG, defined">
      <j l="38#1093147" />
    </i>
    <i t="DCP, defined">
      <j l="38#1093152" />
    </i>
    <i t="DCTD, defined">
      <j l="38#1093157" />
    </i>
    <i t="DEA, defined">
      <j l="38#1093161" />
    </i>
    <i t="delayed posting, defined">
      <j l="38#1093531" />
    </i>
    <i t="diagnostic trial, defined">
      <j l="37#1152178" />
    </i>
    <i t="double blind masking, defined">
      <j l="37#1152019" />
    </i>
    <i t="DTP, defined">
      <j l="38#1093166" />
    </i>
  </g>
  <g t="E" o="002">
    <i t="early detection trial, defined">
      <j l="37#1152170" />
    </i>
    <i t="EBI, defined">
      <j l="38#1093181" />
    </i>
    <i t="efficacy study, defined">
      <j l="37#1152284" />
    </i>
    <i t="eligibility criteria, defined">
      <j l="38#1093684" />
    </i>
    <i t="epidemiologic trial, defined">
      <j l="37#1152146" />
    </i>
    <i t="EVS, defined">
      <j l="38#1093186" />
    </i>
    <i t="externally peer-reviewed funding, defined">
      <j l="37#1152320" />
    </i>
  </g>
  <g t="F" o="002">
    <i t="factorial intervention model, defined">
      <j l="37#1151978" />
    </i>
    <i t="FDA, defined">
      <j l="38#1093352" />
    </i>
    <i t="FDAAA, defined">
      <j l="38#1093348" />
    </i>
  </g>
  <g t="H" o="002">
    <i t="health services research trial, defined">
      <j l="37#1152182" />
    </i>
  </g>
  <g t="I" o="002">
    <i t="IDE, defined">
      <j l="38#1093201" />
    </i>
    <i t="inclusion/exclusion criteria, defined">
      <j l="38#1093684" />
    </i>
    <i t="IND, defined">
      <j l="38#1093206" />
    </i>
    <i t="industrial funding category, defined">
      <j l="37#1152323" />
    </i>
    <i t="institute code, defined">
      <j l="37#1151886" />
    </i>
    <i t="institutional funding category, defined">
      <j l="37#1152315" />
    </i>
    <i t="intervention model, defined">
      <j l="37#1151960" />
    </i>
    <i t="interventional trial, defined">
      <j l="37#1152460" />
    </i>
    <i t="IRB, defined">
      <j l="38#1093211" />
    </i>
  </g>
  <g t="L" o="002">
    <i t="lead organization, defined">
      <j l="37#1151881" />
      <j l="38#1093221" />
    </i>
    <i t="logging out">
      <j l="8#1092699" />
    </i>
    <i t="Logout link">
      <j l="8#1093245" />
    </i>
  </g>
  <g t="M" o="002">
    <i t="masking, defined">
      <j l="37#1152011" />
    </i>
    <i t="MedDRA, defined">
      <j l="38#1093356" />
    </i>
  </g>
  <g t="N" o="002">
    <i t="N/A, defined">
      <j l="38#1093232" />
    </i>
    <i t="national funding category, defined">
      <j l="37#1152312" />
    </i>
    <i t="NCI, defined">
      <j l="38#1093237" />
    </i>
    <i t="NCICB">
      <i t="defined">
        <j l="38#1093364" />
      </i>
    </i>
    <i t="NCICB application support">
      <j l="39#1083689" />
    </i>
    <i t="NCTID, defined">
      <j l="38#1093360" />
    </i>
    <i t="non-randomized trial allocation method, defined">
      <j l="37#1151827" />
    </i>
  </g>
  <g t="O" o="002">
    <i t="observational trial, defined">
      <j l="37#1152150" />
      <j l="37#1152464" />
    </i>
    <i t="OCE, defined">
      <j l="38#1093380" />
    </i>
    <i t="OD, defined">
      <j l="38#1093245" />
    </i>
    <i t="Online help">
      <i t="locating topics of interest">
        <j l="1#1105356" />
      </i>
      <i t="printing">
        <j l="1#1105387" />
      </i>
      <i t="using navigation tools">
        <j l="2" />
      </i>
    </i>
    <i t="Online help, using">
      <j l="1" />
    </i>
    <i t="open masking, defined">
      <j l="37#1152016" />
    </i>
    <i t="OSB/SPOREs, defined">
      <j l="38#1093250" />
    </i>
    <i t="outcome trial, defined">
      <j l="37#1152158" />
    </i>
  </g>
  <g t="P" o="002">
    <i t="P01, defined">
      <j l="38#1093255" />
    </i>
    <i t="parallel intervention model, defined">
      <j l="37#1151970" />
    </i>
    <i t="PDQ, defined">
      <j l="38#1093392" />
    </i>
    <i t="pharmacodynamics study, defined">
      <j l="37#1152293" />
    </i>
    <i t="pharmacokinetics study, defined">
      <j l="37#1152287" />
    </i>
    <i t="pharmacokinetics/dynamics study, defined">
      <j l="37#1152299" />
    </i>
    <i t="phase, defined">
      <j l="37#1152354" />
    </i>
    <i t="PI, defined">
      <j l="38#1093388" />
    </i>
    <i t="PIO, defined">
      <j l="38#1093384" />
    </i>
    <i t="prevention trial, defined">
      <j l="37#1152162" />
    </i>
    <i t="primary purpose">
      <i t="ancillary, defined">
        <j l="37#1152166" />
      </i>
      <i t="basic science">
        <j l="37#1152186" />
      </i>
      <i t="epidemiologic, defined">
        <j l="37#1152146" />
      </i>
      <i t="health services research, defined">
        <j l="37#1152182" />
      </i>
      <i t="observational, defined">
        <j l="37#1152150" />
      </i>
      <i t="outcome, defined">
        <j l="37#1152158" />
      </i>
      <i t="prevention, defined">
        <j l="37#1152162" />
      </i>
      <i t="screening, defined">
        <j l="37#1152190" />
      </i>
      <i t="supportive care, defined">
        <j l="37#1152194" />
      </i>
      <i t="treatment, defined">
        <j l="37#1152154" />
      </i>
    </i>
    <i t="primary purpose, defined">
      <j l="37#1152135" />
    </i>
    <i t="principal investigator">
      <j l="37#1152199" />
      <i t="defined">
        <j l="38#1093270" />
      </i>
    </i>
    <i t="processing status">
      <i t="defined">
        <j l="37#1152213" />
      </i>
    </i>
    <i t="processing statuses">
      <j l="37#1152213" />
    </i>
    <i t="purpose, defined">
      <j l="37#1152135" />
    </i>
  </g>
  <g t="Q" o="002">
    <i t="QC, defined">
      <j l="38#1093808" />
    </i>
  </g>
  <g t="R" o="002">
    <i t="R01, defined">
      <j l="38#1093275" />
    </i>
    <i t="randomized controlled trial allocation method, defined">
      <j l="37#1151824" />
    </i>
    <i t="rejected trial, defined">
      <j l="38#1093752" />
    </i>
    <i t="RRP, defined">
      <j l="38#1093280" />
    </i>
  </g>
  <g t="S" o="002">
    <i t="safety study, defined">
      <j l="37#1152278" />
    </i>
    <i t="safety/efficacy study, defined">
      <j l="37#1152290" />
    </i>
    <i t="screening trial, defined">
      <j l="37#1152190" />
    </i>
    <i t="section 801 trial, defined">
      <j l="38#1093542" />
    </i>
    <i t="single blind masking, defined">
      <j l="37#1152022" />
    </i>
    <i t="single group intervention model, defined">
      <j l="37#1151966" />
    </i>
    <i t="sponsor, defined">
      <j l="38#1093295" />
    </i>
    <i t="SPORE, defined">
      <j l="38#1093396" />
    </i>
    <i t="status">
      <i t="see also trial status">
        <j l="37#1152415" />
      </i>
    </i>
    <i t="study classification, defined">
      <j l="37#1152273" />
    </i>
    <i t="summary 4 funding category">
      <i t="defined">
        <j l="37#1152302" />
      </i>
      <i t="externally peer-reviewed, defined">
        <j l="37#1152320" />
      </i>
      <i t="industrial defined">
        <j l="37#1152323" />
      </i>
      <i t="institutional, defined">
        <j l="37#1152315" />
      </i>
      <i t="national, defined">
        <j l="37#1152312" />
      </i>
    </i>
    <i t="summary 4 sponsor/source, defined">
      <j l="37#1152326" />
    </i>
    <i t="supportive care trial, defined">
      <j l="37#1152194" />
    </i>
  </g>
  <g t="T" o="002">
    <i t="treatment trial, defined">
      <j l="37#1152154" />
    </i>
    <i t="trial phase, defined">
      <j l="37#1152354" />
    </i>
    <i t="trial status">
      <i t="approved, defined">
        <j l="37#1152415" />
      </i>
      <i t="closed to accrual and invention, defined">
        <j l="37#1152437" />
      </i>
      <i t="closed to accrual, defined">
        <j l="37#1152430" />
      </i>
      <i t="complete, defined">
        <j l="37#1152441" />
      </i>
      <i t="defined">
        <j l="38#1093315" />
      </i>
      <i t="temporarily closed to accrual and invention, defined">
        <j l="37#1152419" />
      </i>
      <i t="temporarily closed to accrual, defined">
        <j l="37#1152426" />
      </i>
    </i>
    <i t="trial type">
      <i t="correlative, defined">
        <j l="37#1152174" />
      </i>
      <i t="defined">
        <j l="38#1093320" />
      </i>
      <i t="diagnostic, defined">
        <j l="37#1152178" />
      </i>
      <i t="early detection, defined">
        <j l="37#1152170" />
      </i>
      <i t="interventional, defined">
        <j l="37#1152460" />
      </i>
      <i t="observational, defined">
        <j l="37#1152464" />
      </i>
    </i>
    <i t="trial type, defined">
      <j l="37#1152449" />
    </i>
    <i t="TRP, defined">
      <j l="38#1093400" />
      <j l="38#1093325" />
    </i>
    <i t="TSR">
      <i t="defined">
        <j l="38#1093676" />
      </i>
    </i>
  </g>
  <g t="U" o="002">
    <i t="URI, defined">
      <j l="38#1093330" />
    </i>
    <i t="URL, defined">
      <j l="38#1093334" />
    </i>
    <i t="Using online help">
      <j l="1" />
      <j l="1" />
    </i>
  </g>
  <g t="V" o="002">
    <i t="validated trial, defined">
      <j l="38#1093338" />
    </i>
  </g>
  <g t="X" o="002">
    <i t="XML, defined">
      <j l="38#1093404" />
    </i>
  </g>
</WebWorksHelpIX>