<?xml version="1.0" encoding="utf-8"?>
<WebWorksHelpIX version="5.0" xmlns="urn:WebWorks-Help-Index-Schema">
  <g t="A" o="002">
    <i t="Application Support">
      <j l="41#1083557" />
    </i>
  </g>
  <g t="B" o="002">
    <i t="Becoming a registered user">
      <j l="1" />
    </i>
  </g>
  <g t="D" o="002">
    <i t="data monitoring commitee">
      <j l="40#1092976" />
    </i>
  </g>
  <g t="L" o="002">
    <i t="logging out">
      <i t="TCGA Analysis">
        <j l="10#1092699" />
      </i>
    </i>
    <i t="Logout link">
      <j l="6#1088468" />
      <j l="10#1092703" />
    </i>
  </g>
  <g t="N" o="002">
    <i t="NCICB Application Support">
      <j l="41#1083557" />
    </i>
  </g>
  <g t="O" o="002">
    <i t="Online help">
      <i t="locating topics of interest">
        <j l="1#1105356" />
      </i>
      <i t="printing">
        <j l="1#1105387" />
      </i>
      <i t="using navigation tools">
        <j l="2" />
      </i>
    </i>
    <i t="Online help, using">
      <j l="1" />
    </i>
  </g>
  <g t="P" o="002">
    <i t="Principal Investigator">
      <j l="39#1135751" />
    </i>
  </g>
  <g t="R" o="002">
    <i t="Register/Login link">
      <j l="6#1089218" />
    </i>
    <i t="Registration">
      <j l="1" />
    </i>
  </g>
  <g t="S" o="002">
    <i t="Section 801 trials">
      <j l="39#1135810" />
    </i>
  </g>
  <g t="T" o="002">
    <i t="TCGA Analysis">
      <i t="logging out">
        <j l="10#1092699" />
      </i>
    </i>
  </g>
  <g t="U" o="002">
    <i t="User guide link">
      <j l="6#1092049" />
    </i>
    <i t="Using online help">
      <j l="1" />
    </i>
  </g>
</WebWorksHelpIX>