<?xml version="1.0" encoding="utf-8"?>
<WebWorksHelpTOC version="5.0" xmlns="urn:WebWorks-Help-TOC-Schema">
  <i t="NCI Shared Person/Organization Curation Portal Online Help" l="0">
    <i t="Using the Online Help" l="1" />
  </i>
  <i t="Getting Started With the NCI Shared Person/Organization Curation Portal" l="2">
    <i t="Overview" l="3">
      <i t="What’s New in This Release" l="4" />
    </i>
    <i t="Logging In to the P/O Curation Portal" l="5" />
    <i t="Logging Out of the P/O Curation Portal" l="6" />
  </i>
  <i t="Managing Organizations" l="7">
    <i t="Searching For Organization Records" l="8">
      <i t="Searching For and Nullifying Duplicate Records" l="9" />
    </i>
    <i t="Creating New Organization Records" l="10" />
    <i t="Curating Organization Records" l="11">
      <i t="Curating Organization Records in the Inbox" l="12" />
      <i t="Modifying Organization Details" l="13">
        <i t="Changing the Curation Status" l="14" />
      </i>
      <i t="Assigning Roles to Organizations" l="15">
        <i t="Managing Research Organizations" l="16" />
        <i t="Managing Identified Organizations" l="17" />
        <i t="Managing Oversight Committees" l="18" />
        <i t="Managing Health Care Facilities" l="19" />
      </i>
      <i t="Managing Organizational Contacts" l="20">
        <i t="Managing Families" l="21" />
      </i>
      <i t="Deleting (Nullifying) Organization Records" l="22" />
    </i>
    <i t="Updating Organization Records with Requested Changes" l="23" />
    <i t="Importing CTEP Organization Records" l="24" />
  </i>
  <i t="Managing Persons" l="25">
    <i t="Searching for Person Records" l="26">
      <i t="Searching For Duplicate Records" l="27" />
    </i>
    <i t="Creating New Person Records" l="28" />
    <i t="Curating Person Records" l="29">
      <i t="Curating Person Records in the Inbox" l="30" />
      <i t="Modifying Person Details" l="31">
        <i t="Changing the Curation Status" l="32" />
      </i>
      <i t="Assigning Roles to Persons" l="33">
        <i t="Managing Clinical Research Staff" l="34" />
        <i t="Managing Health Care Providers" l="35" />
        <i t="Managing Organizational Contacts" l="36" />
        <i t="Managing Other Person Identifier(s)" l="37" />
      </i>
      <i t="Deleting (Nullifying) Person Records" l="38" />
    </i>
    <i t="Updating Person Records with Requested Changes" l="39" />
    <i t="Importing CTEP Person Records" l="40" />
  </i>
  <i t="Managing Organization Families" l="41">
    <i t="About Families" l="42">
      <i t="Family and Organization Relationships" l="43" />
    </i>
    <i t="Listing Families" l="44" />
    <i t="Creating New Families" l="45" />
    <i t="Editing Families" l="46">
      <i t="Adding Organizations to Families" l="47" />
      <i t="Changing Functional and Hierarchical Relationships" l="48" />
      <i t="Removing Organizations from Families" l="49" />
      <i t="Deleting Families" l="50" />
    </i>
  </i>
  <i t="Common Tasks" l="51">
    <i t="Entering Phone and Fax Numbers" l="52" />
    <i t="Entering Address Information" l="53" />
    <i t="Entering Dates" l="54" />
    <i t="Navigating Records in Tables" l="55" />
  </i>
  <i t="Application Support" l="56" />
</WebWorksHelpTOC>