<?xml version="1.0" encoding="utf-8"?>
<WebWorksHelpTOC version="5.0" xmlns="urn:WebWorks-Help-TOC-Schema">
  <i t="NCI Shared Person/Organization Curation Portal Online Help" l="0">
    <i t="Using the Online Help" l="1" />
  </i>
  <i t="Getting Started With the NCI Shared Person/Organization Curation Portal" l="2">
    <i t="Overview" l="3" />
    <i t="Logging In to the P/O Curation Portal" l="4" />
    <i t="Navigating Records in Tables" l="5">
      <i t="About the Inbox" l="6" />
    </i>
    <i t="Logging Out of the P/O Curation Portal" l="7" />
  </i>
  <i t="Managing Organizations" l="8">
    <i t="Searching For Organization Records" l="9">
      <i t="Searching For Duplicate Records" l="10" />
    </i>
    <i t="Creating New Organization Records" l="11" />
    <i t="Curating Organization Records" l="12">
      <i t="Modifying Organization Details" l="13">
        <i t="Changing the Curation Status" l="14" />
      </i>
      <i t="Assigning Roles to Organizations" l="15">
        <i t="Managing Research Organizations" l="16" />
        <i t="Managing Identified Organizations" l="17" />
        <i t="Managing Oversight Committees" l="18" />
        <i t="Managing Health Care Facilities" l="19" />
      </i>
      <i t="Managing Organizational Contacts" l="20" />
      <i t="Deleting Organization Records" l="21" />
    </i>
    <i t="Curating Change Requests" l="22" />
  </i>
  <i t="Managing Persons" l="23">
    <i t="Searching For Person Records" l="24">
      <i t="Searching For Duplicate Records" l="25" />
    </i>
    <i t="Creating New Person Records" l="26" />
    <i t="Curating Person Records" l="27">
      <i t="Modifying Person Details" l="28">
        <i t="Changing the Curation Status" l="29" />
      </i>
      <i t="Assigning Roles to Persons" l="30">
        <i t="Managing Clinical Research Staff" l="31" />
        <i t="Managing Health Care Providers" l="32" />
        <i t="Managing Organizational Contacts" l="33" />
        <i t="Managing Other Person Identifier(s)" l="34" />
      </i>
      <i t="Deleting Persons Records" l="35" />
    </i>
  </i>
  <i t="Application Support" l="36" />
</WebWorksHelpTOC>