<?xml version="1.0" encoding="utf-8"?>
<WebWorksHelpTOC version="5.0" xmlns="urn:WebWorks-Help-TOC-Schema">
  <i t="Welcome to the NCI Shared Person/Organization Curation Portal Online Help" l="0">
    <i t="Using the Online Help" l="1">
      <i t="Using Navigation Tools" l="2" />
    </i>
  </i>
  <i t="Getting Started With NCI Shared Person/Organization Curation Portal" l="3">
    <i t="Overview" l="4" />
    <i t="Logging In To the NCI Shared Person/Organization Curation Portal" l="5" />
    <i t="Navigating the P/O Curation Portal" l="6">
      <i t="Navigating the NCI Shared Person/Organization Curation Portal Side Bar" l="7" />
      <i t="Navigating Records in Tables" l="8" />
      <i t="About the Inbox" l="9" />
    </i>
    <i t="Logging Out Of the NCI Shared Person/Organization Curation Portal" l="10" />
  </i>
  <i t="Managing Organizations" l="11">
    <i t="Searching For Organization Records" l="12">
      <i t="Searching For Duplicate Records" l="13" />
    </i>
    <i t="Creating New Organization Records" l="14" />
    <i t="Curating Organization Records" l="15">
      <i t="Modifying Organizaton Details" l="16">
        <i t="Changing the Curation Status" l="17" />
      </i>
      <i t="Assigning Roles" l="18">
        <i t="Managing Research Organizations" l="19" />
        <i t="Managing Identified Organizations" l="20" />
        <i t="Managing Oversight Commitees" l="21" />
        <i t="Managing Health Care Facilities" l="22" />
        <i t="Managing Organization Roles" l="23" />
      </i>
      <i t="Curating Change Requests" l="24" />
      <i t="Unlinking Organizations; not implemented for Jan." l="25" />
      <i t="Deleting Organizations (nullifying)" l="26" />
    </i>
    <i t="Importing CTEP Organization Records" l="27" />
  </i>
  <i t="Managing Persons" l="28">
    <i t="Searching For Persons" l="29" />
    <i t="Creating New Persons" l="30" />
    <i t="Curating Persons" l="31">
      <i t="Searching For Duplicate Records" l="32" />
      <i t="Managing Roles" l="33">
        <i t="Managing Clinical Research Staff" l="34" />
        <i t="Managing Health Care Providers" l="35" />
        <i t="Maganing Organizational Contacts" l="36" />
        <i t="Managing Identified Entities" l="37" />
      </i>
      <i t="Deleting Persons (nullifying)" l="38" />
    </i>
  </i>
  <i t="Metadata Definitions" l="39" />
  <i t="Glossary" l="40" />
  <i t="Application Support" l="41" />
</WebWorksHelpTOC>