<?xml version="1.0" encoding="utf-8"?>
<WebWorksHelpTOC version="5.0" xmlns="urn:WebWorks-Help-TOC-Schema">
  <i t="NCI Shared Person/Organization Curation Portal Online Help" l="0">
    <i t="Using the Online Help" l="1">
      <i t="Using Navigation Tools" l="2" />
    </i>
  </i>
  <i t="Getting Started With the NCI Shared Person/Organization Curation Portal" l="3">
    <i t="Overview" l="4" />
    <i t="Logging In to the P/O Curation Portal" l="5" />
    <i t="Navigating Records in Tables" l="6">
      <i t="About the Inbox" l="7" />
    </i>
    <i t="Logging Out of the P/O Curation Portal" l="8" />
  </i>
  <i t="Managing Organizations" l="9">
    <i t="Searching For Organization Records" l="10">
      <i t="Searching For Duplicate Records" l="11" />
    </i>
    <i t="Creating New Organization Records" l="12" />
    <i t="Curating Organization Records" l="13">
      <i t="Modifying Organization Details" l="14">
        <i t="Changing the Curation Status" l="15" />
      </i>
      <i t="Assigning Roles to Organizations" l="16">
        <i t="Managing Research Organizations" l="17" />
        <i t="Managing Identified Organizations" l="18" />
        <i t="Managing Oversight Committees" l="19" />
        <i t="Managing Health Care Facilities" l="20" />
      </i>
      <i t="Managing Organizational Contacts" l="21" />
      <i t="Deleting Organization Records" l="22" />
    </i>
    <i t="Importing CTEP Organization Records" l="23" />
  </i>
  <i t="Managing Persons" l="24">
    <i t="Searching For Person Records" l="25">
      <i t="Searching For Duplicate Records" l="26" />
    </i>
    <i t="Creating New Person Records" l="27" />
    <i t="Curating Person Records" l="28">
      <i t="Modifying Person Details" l="29">
        <i t="Changing the Curation Status" l="30" />
      </i>
      <i t="Assigning Roles to Persons" l="31">
        <i t="Managing Clinical Research Staff" l="32" />
        <i t="Managing Health Care Providers" l="33" />
        <i t="Managing Organizational Contacts" l="34" />
        <i t="Managing Other Person Identifier(s)" l="35" />
      </i>
      <i t="Deleting Persons Records" l="36" />
    </i>
    <i t="Importing CTEP Organization Records" l="37" />
  </i>
  <i t="Metadata Definitions" l="38">
    <i t="Allocation" l="39" />
    <i t="Amendment Number" l="40" />
    <i t="Current Trial Status Date" l="41" />
    <i t="Funding Mechanism" l="42" />
    <i t="Identifier Type" l="43" />
    <i t="Institute Code (NIH Grant Code)" l="44" />
    <i t="Intervention Model" l="45" />
    <i t="Lead Organization" l="46" />
    <i t="Lead Organization Trial Identifier (ID)" l="47" />
    <i t="Masking" l="48" />
    <i t="Milestones" l="49" />
    <i t="NCI Division/Program Code" l="50" />
    <i t="NCI Trial Identifier" l="51" />
    <i t="NIH Grant Information" l="52" />
    <i t="Primary Purpose" l="53" />
    <i t="Principal Investigator" l="54" />
    <i t="Processing Status" l="55" />
    <i t="Responsible Party" l="56" />
    <i t="Sponsor" l="57" />
    <i t="Study Classification" l="58" />
    <i t="Summary 4 Funding Category" l="59" />
    <i t="Summary 4 Sponsor/Source" l="60" />
    <i t="Title" l="61" />
    <i t="Trial Phase" l="62" />
    <i t="Trial Status" l="63" />
    <i t="Trial Type" l="64" />
  </i>
  <i t="Glossary" l="65" />
  <i t="Application Support" l="66" />
</WebWorksHelpTOC>